Changes made at Sat Aug  9 05:58:18 UTC 2025
Changes made at Thu Nov 20 14:07:21 UTC 2025
Changes made at Thu Nov 20 14:19:16 UTC 2025
Changes made at Thu Nov 20 16:24:57 UTC 2025
Changes made at Fri Nov 21 08:26:59 UTC 2025
Changes made at Fri Nov 21 10:20:05 UTC 2025
Changes made at Fri Nov 21 14:18:31 UTC 2025
Changes made at Fri Nov 21 16:24:01 UTC 2025
Changes made at Sat Nov 22 08:23:03 UTC 2025
Changes made at Sat Nov 22 10:18:06 UTC 2025
Changes made at Sat Nov 22 14:15:47 UTC 2025
Changes made at Sat Nov 22 16:21:15 UTC 2025
Changes made at Sun Nov 23 08:23:26 UTC 2025
